653,haib17CEM4890_H75CGCCXY_SL263705,CSD16-SAC-046,core,CSD16,sacramento,SAC,nan,nan,nan,nan,nan,nan,nan,nan,nan,nan,nan,3633066.0,38.58157,-121.4944,no,466488.0,1952.0,259.0,23.6,9.1,north_america,nan,4890-CEM-0357,H75CGCCXY,haib17CEM4890,CTGGTAC,nan,haib17CEM4890_H75CGCCXY_SL263705,nan,nan,nan,environmental_microbiome,SL263705,/cluster/work/grlab/projects/metagenome/raw_data/metasub/wasabi_raw_only/hudson_alpha_library/haib17CEM4890/H75CGCCXY/haib17CEM4890_H75CGCCXY_SL263705_1.fastq.gz:/cluster/work/grlab/projects/metagenome/raw_data/metasub/wasabi_raw_only/hudson_alpha_library/haib17CEM4890/H75CGCCXY/haib17CEM4890_H75CGCCXY_SL263705_2.fastq.gz
718,haib17DB4959_HMGW3CCXY_SL342501,nan,core,CSD17,antarctica,HON,21.292928,-157.86395900000002,metal,nan,above_ground_open,nan,kakaakopark,handrail,nan,nan,urban,4421777.0,nan,nan,nan,nan,nan,nan,nan,nan,nan,235161960.0,4959-DB-1162,HMGW3CCXY,haib17DB4959,CGAATATG-CGTCTTCG,nan,haib17DB4959_HMGW3CCXY_SL342501,nan,nan,nan,nan,SL342501,/cluster/work/grlab/projects/metagenome/raw_data/metasub/wasabi_raw_only/hudson_alpha_library/haib17DB4959/HMGW3CCXY/haib17DB4959_HMGW3CCXY_SL342501_1.fastq.gz:/cluster/work/grlab/projects/metagenome/raw_data/metasub/wasabi_raw_only/hudson_alpha_library/haib17DB4959/HMGW3CCXY/haib17DB4959_HMGW3CCXY_SL342501_2.fastq.gz
1572,haib18CEM5453_HMGN5CCXY_SL344650,nan,core,CSD17,ilorin,nan,nan,nan,nan,nan,nan,nan,nan,nan,nan,nan,nan,5690775.0,8.49664,4.54214,no,777667.0,1188.0,765.0,25.6,310.0,sub_saharan_africa,235059658.0,5453-CEM-2119,HMGN5CCXY,haib18CEM5453,TCAAGGAC-CGCTGCGC,nan,haib18CEM5453_HMGN5CCXY_SL344650,nan,nan,nan,nan,SL344650,/cluster/work/grlab/projects/metagenome/raw_data/metasub/wasabi_raw_only/hudson_alpha_library/haib18CEM5453/HMGN5CCXY/haib18CEM5453_HMGN5CCXY_SL344650_1.fastq.gz:/cluster/work/grlab/projects/metagenome/raw_data/metasub/wasabi_raw_only/hudson_alpha_library/haib18CEM5453/HMGN5CCXY/haib18CEM5453_HMGN5CCXY_SL344650_2.fastq.gz
1934,haib17CEM5106_HCCGHCCXY_SL270279,nan,core,CSD17,london,nan,51.650657953999996,-0.19473747800000002,glass,nan,above_ground_open,nan,nan,ticket_machine,nan,nan,urban,3795956.0,51.50853,-0.12574000000000002,no,8787892.0,5590.0,1572.0,14.4,11.0,europe,nan,5106-CEM-0487,HCCGHCCXY,haib17CEM5106,TTTGCCC,nan,haib17CEM5106_HCCGHCCXY_SL270279,nan,plate_0006,g03,environmental_microbiome,SL270279,/cluster/work/grlab/projects/metagenome/raw_data/metasub/wasabi_raw_only/hudson_alpha_library/haib17CEM5106/HCCGHCCXY/haib17CEM5106_HCCGHCCXY_SL270279_1.fastq.gz:/cluster/work/grlab/projects/metagenome/raw_data/metasub/wasabi_raw_only/hudson_alpha_library/haib17CEM5106/HCCGHCCXY/haib17CEM5106_HCCGHCCXY_SL270279_2.fastq.gz
1952,haib17CEM5106_HCCGHCCXY_SL270297,nan,core,CSD17,london,nan,51.461803357,-0.13829512900000002,glass,nan,under_ground,nan,nan,ticket_machine,nan,nan,urban,3648635.0,51.50853,-0.12574000000000002,no,8787892.0,5590.0,1572.0,14.4,11.0,europe,nan,5106-CEM-0505,HCCGHCCXY,haib17CEM5106,GATTCGC,nan,haib17CEM5106_HCCGHCCXY_SL270297,nan,plate_0006,h09,environmental_microbiome,SL270297,/cluster/work/grlab/projects/metagenome/raw_data/metasub/wasabi_raw_only/hudson_alpha_library/haib17CEM5106/HCCGHCCXY/haib17CEM5106_HCCGHCCXY_SL270297_1.fastq.gz:/cluster/work/grlab/projects/metagenome/raw_data/metasub/wasabi_raw_only/hudson_alpha_library/haib17CEM5106/HCCGHCCXY/haib17CEM5106_HCCGHCCXY_SL270297_2.fastq.gz
2493,haib17DB4959_H3MGVCCXY_SL259830,nan,core,CSD17,new_york_city,nan,nan,nan,nan,nan,nan,nan,nan,nan,nan,nan,nan,4528152.0,40.71427,-74.00596999999999,yes,8622698.0,11000.0,783.84,23.3,10.0,north_america,235033742.0,4959-DB-0007,H3MGVCCXY,haib17DB4959,AACGCAG,nan,haib17DB4959_H3MGVCCXY_SL259830,nan,nan,nan,environmental_microbiome,SL259830,/cluster/work/grlab/projects/metagenome/raw_data/metasub/wasabi_raw_only/hudson_alpha_library/haib17DB4959/H3MGVCCXY/haib17DB4959_H3MGVCCXY_SL259830_1.fastq.gz:/cluster/work/grlab/projects/metagenome/raw_data/metasub/wasabi_raw_only/hudson_alpha_library/haib17DB4959/H3MGVCCXY/haib17DB4959_H3MGVCCXY_SL259830_2.fastq.gz
2628,haib18CEM5453_HMC2KCCXY_SL336556,nan,core,CSD17,paris,PAR,48.844617,2.2935939999999997,rubber,nan,above_ground_open,line08,commerce,escalator_handrail,30.0,7 people / minute,urban,4721313.0,48.85341,2.3488,no,2206488.0,21000.0,105.0,19.7,35.0,europe,235023151.0,5453-CEM-2588,HMC2KCCXY,haib18CEM5453,TCTGTCTT-TATGAGGC,nan,haib18CEM5453_HMC2KCCXY_SL336556,nan,nan,nan,nan,SL336556,/cluster/work/grlab/projects/metagenome/raw_data/metasub/wasabi_raw_only/hudson_alpha_library/haib18CEM5453/HMC2KCCXY/haib18CEM5453_HMC2KCCXY_SL336556_1.fastq.gz:/cluster/work/grlab/projects/metagenome/raw_data/metasub/wasabi_raw_only/hudson_alpha_library/haib18CEM5453/HMC2KCCXY/haib18CEM5453_HMC2KCCXY_SL336556_2.fastq.gz
2951,haib18CEM5453_HT5YVCCXY_SL357423,CSD17-SIN-578,core,CSD17,singapore,SIN,1.2983773,103.7982144,metal,nan,above_ground_open,nan,pioneer,playground,nan,nan,urban,6634362.0,1.28967,103.85007,yes,5791901.0,7796.0,723.2,29.2,163.63,east_asia,235184247.0,5453-CEM-0782,HT5YVCCXY,haib18CEM5453,ACCTGCGA-CTCTTATG,nan,haib18CEM5453_HT5YVCCXY_SL357423,nan,nan,nan,nan,SL357423,/cluster/work/grlab/projects/metagenome/raw_data/metasub/wasabi_raw_only/hudson_alpha_library/haib18CEM5453/HT5YVCCXY/haib18CEM5453_HT5YVCCXY_SL357423_1.fastq.gz:/cluster/work/grlab/projects/metagenome/raw_data/metasub/wasabi_raw_only/hudson_alpha_library/haib18CEM5453/HT5YVCCXY/haib18CEM5453_HT5YVCCXY_SL357423_2.fastq.gz
3194,haib17DB4959_HMCMJCCXY_SL336173,nan,core,CSD17,tokyo,TOK,35.388311,139.426946,wood,nan,above_ground_open,nan,keio_sfc_sbc,seat,nan,nan,suburban,4384268.0,35.6895,139.69171,yes,13839910.0,2662.0,2188.0,21.7,40.0,east_asia,235186132.0,4959-DB-1060,HMCMJCCXY,haib17DB4959,CTATCAGT,nan,haib17DB4959_HMCMJCCXY_SL336173,nan,nan,nan,nan,SL336173,/cluster/work/grlab/projects/metagenome/raw_data/metasub/wasabi_raw_only/hudson_alpha_library/haib17DB4959/HMCMJCCXY/haib17DB4959_HMCMJCCXY_SL336173_1.fastq.gz:/cluster/work/grlab/projects/metagenome/raw_data/metasub/wasabi_raw_only/hudson_alpha_library/haib17DB4959/HMCMJCCXY/haib17DB4959_HMCMJCCXY_SL336173_2.fastq.gz
3407,haib18CEM5526_HMGTJCCXY_SL342650,nan,core,CSD17,zurich,nan,nan,nan,nan,nan,nan,nan,nan,nan,nan,nan,nan,4282931.0,47.0,8.0,no,409241.0,4700.0,88.0,16.0,408.0,europe,235058075.0,5526-CEM-0048,HMGTJCCXY,haib18CEM5526,TTCAACCT-TTAGATAA,nan,haib18CEM5526_HMGTJCCXY_SL342650,nan,nan,nan,nan,SL342650,/cluster/work/grlab/projects/metagenome/raw_data/metasub/wasabi_raw_only/hudson_alpha_library/haib18CEM5526/HMGTJCCXY/haib18CEM5526_HMGTJCCXY_SL342650_1.fastq.gz:/cluster/work/grlab/projects/metagenome/raw_data/metasub/wasabi_raw_only/hudson_alpha_library/haib18CEM5526/HMGTJCCXY/haib18CEM5526_HMGTJCCXY_SL342650_2.fastq.gz
